states,alive_wo_arthropathy,minor_bleeding,articular_bleeding,surgery_or_injury_or_infection,chronic_arthropathy,severe_arthropathy,complication,inhibitor,death
alive_wo_arthropathy,0.39888279831849655,0.11081443117100671,0.44619911234333764,0.034733219236342365,0.009296623738334411,0.0,0.0,7.381519248237522e-05,0.0
minor_bleeding,0.581922642015104,0.07707150033467283,0.3103317381400574,0.02415697386802465,0.0,0.0,0.006465807133501155,5.1338508639999174e-05,0.0
articular_bleeding,0.5781842143971769,0.07657637228052379,0.30833808355984604,0.02400178296849024,0.006424269048857522,0.0,0.006424269048857522,5.1008696247928726e-05,0.0
surgery_or_injury_or_infection,0.5012182028129056,0.08534928009592405,0.3436625772971356,0.026751527088209576,0.0,0.0,0.007160260040184366,5.685246471906387e-05,0.03580130020092183
chronic_arthropathy,0.0,0.07657637228052379,0.30833808355984604,0.02400178296849024,0.5781842143971769,0.006424269048857522,0.006424269048857522,5.1008696247928726e-05,0.0
severe_arthropathy,0.0,0.07465788297317268,0.3006132031725683,0.023400459575763758,0.0,0.5950154034807648,0.00626332003663963,4.973076109091866e-05,0.0
complication,0.0,0.0,0.0,0.0,0.0,0.0,1.0,0.0,0.0
inhibitor,0.03001224543312908,0.010787546399364079,0.03458025923772856,0.0016256003549934839,0.0,0.0,0.005,0.9179943485747848,0.0
death,0.0,0.0,0.0,0.0,0.0,0.0,0.0,0.0,1.0
