states,alive_wo_arthropathy,severe_arthropathy,chronic_arthropathy,minor_bleeding,articular_bleeding,surgery_or_injury,complication_infection,inhibitor,death
alive_wo_arthropathy,0.0,0.0,0.00033904670498763784,0.1549182636635822,0.7980637825093628,0.046475479099074665,6.780934099752757e-05,0.00013561868199505513,0.0
severe_arthropathy,0.0,0.2717091837704115,0.0,0.11286381479694015,0.5814196519842371,0.03385914443908205,4.940166977643844e-05,9.880333955287689e-05,0.0
chronic_arthropathy,0.0,0.00025320005920985997,0.25320005920986,0.1156929501312745,0.5959939855247474,0.03470788503938235,5.0640011841972e-05,0.000101280023683944,0.0
minor_bleeding,0.9997,0.0,0.0,0.0,0.0,0.0,0.0001,0.0002,0.0
articular_bleeding,0.9992000000000001,0.0,0.0005,0.0,0.0,0.0,0.0001,0.0002,0.0
surgery_or_injury,0.999676,0.0,0.0,0.0,0.0,0.0,0.0001,0.0002,2.4e-05
complication_infection,0.0,0.0,0.0,0.0,0.0,0.0,1.0,0.0,0.0
inhibitor,0.0,0.0,0.0,0.0,0.0,0.0,4.999750012499375e-05,0.9999500024998749,0.0
death,0.0,0.0,0.0,0.0,0.0,0.0,0.0,0.0,1.0
