,alive_wo_arthropathy,extra_articular_bleeding,articular_bleeding,life_threatening_bleeding,alive_w_severe_arthropathy,alive_w_arthropathy,surgery_or_injury_or_infection,dies_any_reason,developing_inhibitor
alive_wo_arthropathy,0.39891224410257853,0.11082261156341067,0.44623205104807756,0.03473578326487008,0.0,0.009297310021063184,0.0,0.0,0.0
extra_articular_bleeding,0.5819525185895077,0.077075457273702,0.31034767092664267,0.024158214114708705,0.0,0.0,0.006466139095438974,0.0,0.0
articular_bleeding,0.5782137083245913,0.07658027854069045,0.30835381228579384,0.0240030073306002,0.0,0.006424596759162125,0.006424596759162125,0.0,0.0
life_threatening_bleeding,0.5012466999232285,0.08535413268874135,0.34368211647253694,0.026753048064930812,0.0,0.0,0.007160667141760408,0.03580333570880204,0.0
alive_w_severe_arthropathy,0.0,0.07466159595116358,0.3006281536394541,0.023401623356304028,0.5950449955212753,0.0,0.006263631531802898,0.0,0.0
alive_w_arthropathy,0.0,0.07658027854069045,0.30835381228579384,0.0240030073306002,0.006424596759162125,0.5782137083245913,0.006424596759162125,0.0,0.0
surgery_or_injury_or_infection,0.0,0.0,0.0,0.0,0.0,0.0,1.0,0.0,0.0
dies_any_reason,0.0,0.0,0.0,0.0,0.0,0.0,0.0,1.0,0.0
developing_inhibitor,0.0,0.0,0.0,0.0,0.0,0.0,0.0,0.0,1.0
