,alive_wo_arthropathy,extra_articular_bleeding,articular_bleeding,life_threatening_bleeding,alive_w_severe_arthropathy,alive_w_arthropathy,surgery_or_injury_or_infection,dies_any_reason,developing_inhibitor
alive_wo_arthropathy,0.9084099852916342,0.010534341857297437,0.06811808395666417,0.00317230820192105,0.0,0.009765280692482984,0.0,0.0,0.0
extra_articular_bleeding,0.9,0.016996064523304044,0.06975537734322312,0.003248558133472801,0.0,0.0,0.01,0.0,0.0
articular_bleeding,0.8966005552447243,0.010746800101553398,0.06949190006359901,0.003236287806907198,0.0,0.009962228391608048,0.009962228391608048,0.0,0.0
life_threatening_bleeding,0.7,0.010787546399364079,0.06975537734322312,0.1594570762574128,0.0,0.0,0.01,0.05,0.0
alive_w_severe_arthropathy,0.0,0.010334963052175006,0.0668288432646032,0.003112267334883784,0.9101434687822094,0.0,0.00958045756612852,0.0,0.0
alive_w_arthropathy,0.0,0.010746800101553398,0.06949190006359901,0.003236287806907198,0.009962228391608048,0.8966005552447243,0.009962228391608048,0.0,0.0
surgery_or_injury_or_infection,0.0,0.0,0.0,0.0,0.0,0.0,1.0,0.0,0.0
dies_any_reason,0.0,0.0,0.0,0.0,0.0,0.0,0.0,1.0,0.0
developing_inhibitor,0.0,0.0,0.0,0.0,0.0,0.0,0.0,0.0,1.0
