states,alive_wo_arthropathy,severe_arthropathy,chronic_arthropathy,minor_bleeding,articular_bleeding,surgery_or_injury,complication_infection,inhibitor,death
alive_wo_arthropathy,0.9146153846153846,0.0,0.0001,0.010846153846153846,0.07038461538461539,0.0032538461538461536,0.0005,0.0003,0.0
severe_arthropathy,0.0,0.9147153846153846,0.0,0.010846153846153846,0.07038461538461539,0.0032538461538461536,0.0005,0.0003,0.0
chronic_arthropathy,0.0,0.4147153846153846,0.5,0.010846153846153846,0.07038461538461539,0.0032538461538461536,0.0005,0.0003,0.0
minor_bleeding,0.9992,0.0,0.0,0.0,0.0,0.0,0.0005,0.0003,0.0
articular_bleeding,0.9991,0.0,0.0001,0.0,0.0,0.0,0.0005,0.0003,0.0
surgery_or_injury,0.999176,0.0,0.0,0.0,0.0,0.0,0.0005,0.0003,2.4e-05
complication_infection,0.0,0.0,0.0,0.0,0.0,0.0,1.0,0.0,0.0
inhibitor,0.0,0.0,0.0,0.0,0.0,0.0,4.999750012499375e-05,0.9999500024998749,0.0
death,0.0,0.0,0.0,0.0,0.0,0.0,0.0,0.0,1.0
