states,alive_wo_arthropathy,minor_bleeding,articular_bleeding,surgery_or_injury_or_infection,chronic_arthropathy,severe_arthropathy,complication,inhibitor,death
alive_wo_arthropathy,0.9099630465718943,0.010552351873387628,0.06648292926127873,0.0031777317321741586,0.009781975884719888,0.0,0.0,4.196467654544832e-05,0.0
minor_bleeding,0.9,0.01874381772001854,0.06796472414650867,0.003248558133472801,0.0,0.0,0.01,4.29e-05,0.0
articular_bleeding,0.8981643956658107,0.010765544547224145,0.06782610598849166,0.003241932503039836,0.009979604396286786,0.0,0.009979604396286786,4.281250286007031e-05,0.0
surgery_or_injury_or_infection,0.7,0.010787546399364079,0.06796472414650867,0.16120482945412729,0.0,0.0,0.01,4.29e-05,0.05
chronic_arthropathy,0.0,0.010765544547224145,0.06782610598849166,0.003241932503039836,0.8981643956658107,0.009979604396286786,0.009979604396286786,4.281250286007031e-05,0.0
severe_arthropathy,0.0,0.010352297223683585,0.06522252596121383,0.003117487341524453,0.0,0.9116699941220329,0.009596526253916136,4.116909762930022e-05,0.0
complication,0.0,0.0,0.0,0.0,0.0,0.0,1.0,0.0,0.0
inhibitor,0.03001224543312908,0.010787546399364079,0.03458025923772856,0.0016256003549934839,0.0,0.0,0.005,0.9179943485747848,0.0
death,0.0,0.0,0.0,0.0,0.0,0.0,0.0,0.0,1.0
