states,alive_wo_arthropathy,minor_bleeding,articular_bleeding,surgery_or_injury_or_infection,chronic_arthropathy,severe_arthropathy,complication,inhibitor,death
alive_wo_arthropathy,0.9134724846153847,0.010846153846153846,0.07038461538461539,0.0032538461538461536,0.002,0.0,0.0,4.29e-05,0.0
minor_bleeding,0.9231494076923077,0.0021692307692307688,0.07038461538461539,0.0032538461538461536,0.0,0.0,0.001,4.29e-05,0.0
articular_bleeding,0.9687801769230769,0.010846153846153846,0.014076923076923075,0.0032538461538461536,0.002,0.0,0.001,4.29e-05,0.0
surgery_or_injury_or_infection,0.9164007923076923,0.010846153846153846,0.07038461538461539,0.0013015384615384616,0.0,0.0,0.001,4.29e-05,2.4e-05
chronic_arthropathy,0.06247248461538468,0.010846153846153846,0.07038461538461539,0.0032538461538461536,0.85,0.002,0.001,4.29e-05,0.0
severe_arthropathy,0.01447248461538464,0.010846153846153846,0.07038461538461539,0.0032538461538461536,0.0,0.9,0.001,4.29e-05,0.0
complication,0.0,0.0,0.0,0.0,0.0,0.0,1.0,0.0,0.0
inhibitor,0.0,0.0,0.0,0.0,0.0,0.0,0.0004997501249375313,0.9995002498750625,0.0
death,0.0,0.0,0.0,0.0,0.0,0.0,0.0,0.0,1.0
